{
    "mean": [
        0.011764705882352941,
        0.5882352941176471,
        0.011764705882352941,
        0.0,
        50.0,
        1.1764705882352942,
        0.0,
        0.0,
        702.5523520076977,
        466.12894340963925,
        0.08770370500381379,
        0.05297528894837288,
        0.13911341011790976,
        125.2497430773093,
        0.0,
        0.0,
        0.0
    ],
    "scale": [
        0.10782531046954921,
        5.3912655234774585,
        0.10782531046954921,
        1.0,
        1.0,
        10.782531046954915,
        1.0,
        1.0,
        325.3432243552587,
        221.87419774026912,
        0.05589569883738168,
        0.03796240424114911,
        0.06275718662441987,
        32.580727731600206,
        1.0,
        1.0,
        1.0
    ]
}